"Painel_Base","Acuracia","Sensibilidade","Especificidade","Precisao","F1","AUC","Acc_CV","N_Features","Custo_Total","N_Features_8020","Features_8020","Origens_8020","Custo_Total_8020","N_Features_7030","Features_7030","Origens_7030","Custo_Total_7030","Elegivel","Recomendado"
"pruned_top_12",73.43,80.42,66.25,68.84,73.97,87.09,68.97,12,10,12,"CRP, VitaminD, ECF_TBW, ECW, BM, TBFR, VMA, HFA, AST, Protein, Hyperlipidemia, HGB","Historia + Laboratorio + Bioimpedancia + HFA",10,12,"CRP, VitaminD, ECW, TBFR, AST, ECF_TBW, HDL, HFA, Hyperlipidemia, Gender, Protein, Comorbidity","Historia + Laboratorio + Bioimpedancia + HFA",10,TRUE,FALSE
"pruned_top_09",72.74,77.9,67.47,68.94,71.71,87.08,68.96,9,9.5,9,"CRP, VitaminD, ECF_TBW, ECW, BM, TBFR, VMA, HFA, AST","Laboratorio + Bioimpedancia + HFA",9,9,"CRP, VitaminD, ECW, TBFR, AST, ECF_TBW, HDL, HFA, Hyperlipidemia","Historia + Laboratorio + Bioimpedancia + HFA",10,FALSE,FALSE
"pruned_top_11",74.41,81.6,67.05,70.1,75.22,87.04,68.97,11,10,11,"CRP, VitaminD, ECF_TBW, ECW, BM, TBFR, VMA, HFA, AST, Protein, Hyperlipidemia","Historia + Laboratorio + Bioimpedancia + HFA",10,11,"CRP, VitaminD, ECW, TBFR, AST, ECF_TBW, HDL, HFA, Hyperlipidemia, Gender, Protein","Historia + Laboratorio + Bioimpedancia + HFA",10,TRUE,TRUE
"pruned_top_13",73.3,79.69,66.75,69.27,73.87,86.98,68.54,13,10.5,13,"CRP, VitaminD, ECF_TBW, ECW, BM, TBFR, VMA, HFA, AST, Protein, Hyperlipidemia, HGB, Height","Historia + Antropometria + Laboratorio + Bioimpedancia + HFA",11,13,"CRP, VitaminD, ECW, TBFR, AST, ECF_TBW, HDL, HFA, Hyperlipidemia, Gender, Protein, Comorbidity, VFR","Historia + Laboratorio + Bioimpedancia + HFA",10,TRUE,FALSE
"raw_top_12",72.56,74.94,70.13,71.08,71.69,86.88,68.42,12,9.5,12,"CRP, VitaminD, ECF_TBW, ECW, BM, TBFR, VMA, LM, HFA, VFA, AST, Protein","Laboratorio + Bioimpedancia + HFA",9,12,"CRP, VitaminD, ECW, BM, TBFR, AST, ECF_TBW, LM, HDL, HFA, Weight, TFC","Antropometria + Laboratorio + Bioimpedancia + HFA",10,FALSE,FALSE
"raw_top_10",71.16,74.13,68.1,69.98,70.03,86.78,68.14,10,9,10,"CRP, VitaminD, ECF_TBW, ECW, BM, TBFR, VMA, LM, HFA, VFA","Laboratorio + Bioimpedancia + HFA",9,10,"CRP, VitaminD, ECW, BM, TBFR, AST, ECF_TBW, LM, HDL, HFA","Laboratorio + Bioimpedancia + HFA",9,FALSE,FALSE
"raw_top_11",72.39,74.77,69.95,70.91,71.2,86.74,68.14,11,9.5,11,"CRP, VitaminD, ECF_TBW, ECW, BM, TBFR, VMA, LM, HFA, VFA, AST","Laboratorio + Bioimpedancia + HFA",9,11,"CRP, VitaminD, ECW, BM, TBFR, AST, ECF_TBW, LM, HDL, HFA, Weight","Antropometria + Laboratorio + Bioimpedancia + HFA",10,FALSE,FALSE
"pruned_top_10",71.74,76.1,67.3,68.4,70.61,86.61,68.23,10,9.5,10,"CRP, VitaminD, ECF_TBW, ECW, BM, TBFR, VMA, HFA, AST, Protein","Laboratorio + Bioimpedancia + HFA",9,10,"CRP, VitaminD, ECW, TBFR, AST, ECF_TBW, HDL, HFA, Hyperlipidemia, Gender","Historia + Laboratorio + Bioimpedancia + HFA",10,FALSE,FALSE
"pruned_top_14",71.63,74.42,68.78,70.65,69.42,86.6,68.42,14,10.5,14,"CRP, VitaminD, ECF_TBW, ECW, BM, TBFR, VMA, HFA, AST, Protein, Hyperlipidemia, HGB, Height, Gender","Historia + Antropometria + Laboratorio + Bioimpedancia + HFA",11,14,"CRP, VitaminD, ECW, TBFR, AST, ECF_TBW, HDL, HFA, Hyperlipidemia, Gender, Protein, Comorbidity, VFR, Age","Historia + Laboratorio + Bioimpedancia + HFA",10,FALSE,FALSE
"raw_top_13",72.5,75,69.96,71.34,71.63,86.55,68.38,13,9.5,13,"CRP, VitaminD, ECF_TBW, ECW, BM, TBFR, VMA, LM, HFA, VFA, AST, Protein, TFC","Laboratorio + Bioimpedancia + HFA",9,13,"CRP, VitaminD, ECW, BM, TBFR, AST, ECF_TBW, LM, HDL, HFA, Weight, TFC, TBW","Antropometria + Laboratorio + Bioimpedancia + HFA",10,FALSE,FALSE
"pruned_top_15",71.34,74.25,68.36,70.34,69.32,86.55,68.37,15,10.5,15,"CRP, VitaminD, ECF_TBW, ECW, BM, TBFR, VMA, HFA, AST, Protein, Hyperlipidemia, HGB, Height, Gender, VFR","Historia + Antropometria + Laboratorio + Bioimpedancia + HFA",11,15,"CRP, VitaminD, ECW, TBFR, AST, ECF_TBW, HDL, HFA, Hyperlipidemia, Gender, Protein, Comorbidity, VFR, Age, Creatinine","Historia + Laboratorio + Bioimpedancia + HFA",10,FALSE,FALSE
"pruned_top_08",71.28,74.54,67.94,69.17,69.78,86.46,68.41,8,9,8,"CRP, VitaminD, ECF_TBW, ECW, BM, TBFR, VMA, HFA","Laboratorio + Bioimpedancia + HFA",9,8,"CRP, VitaminD, ECW, TBFR, AST, ECF_TBW, HDL, HFA","Laboratorio + Bioimpedancia + HFA",9,FALSE,FALSE
"raw_top_14",73.56,77.09,69.96,70.7,73.07,86.44,69.43,14,10,14,"CRP, VitaminD, ECF_TBW, ECW, BM, TBFR, VMA, LM, HFA, VFA, AST, Protein, TFC, Hyperlipidemia","Historia + Laboratorio + Bioimpedancia + HFA",10,14,"CRP, VitaminD, ECW, BM, TBFR, AST, ECF_TBW, LM, HDL, HFA, Weight, TFC, TBW, VFA","Antropometria + Laboratorio + Bioimpedancia + HFA",10,FALSE,FALSE
"raw_top_15",74.56,80.55,68.42,70.85,75.17,86.42,69.66,15,10.5,15,"CRP, VitaminD, ECF_TBW, ECW, BM, TBFR, VMA, LM, HFA, VFA, AST, Protein, TFC, Hyperlipidemia, MM","Historia + Laboratorio + Bioimpedancia + HFA",10,15,"CRP, VitaminD, ECW, BM, TBFR, AST, ECF_TBW, LM, HDL, HFA, Weight, TFC, TBW, VFA, Hyperlipidemia","Historia + Antropometria + Laboratorio + Bioimpedancia + HFA",11,TRUE,FALSE
"raw_top_07",72.1,80.38,63.59,67.53,73.16,85.51,69.36,7,5,7,"CRP, VitaminD, ECF_TBW, ECW, BM, TBFR, VMA","Laboratorio + Bioimpedancia",5,7,"CRP, VitaminD, ECW, BM, TBFR, AST, ECF_TBW","Laboratorio + Bioimpedancia",5,FALSE,FALSE
"raw_top_09",72.5,76.97,67.94,69.48,71.79,85.41,68.94,9,7,9,"CRP, VitaminD, ECF_TBW, ECW, BM, TBFR, VMA, LM, HFA","Laboratorio + Bioimpedancia + HFA",9,9,"CRP, VitaminD, ECW, BM, TBFR, AST, ECF_TBW, LM, HDL","Laboratorio + Bioimpedancia",5,FALSE,FALSE
"raw_top_08",71.83,80.38,63.06,67.37,73.1,85.36,69.14,8,5,8,"CRP, VitaminD, ECF_TBW, ECW, BM, TBFR, VMA, LM","Laboratorio + Bioimpedancia",5,8,"CRP, VitaminD, ECW, BM, TBFR, AST, ECF_TBW, LM","Laboratorio + Bioimpedancia",5,FALSE,FALSE
"full_38",68.84,69.73,67.94,69.33,65.78,84.94,66.25,38,11,38,"Age, Gender, Comorbidity, CAD, Hypothyroidism, Hyperlipidemia, DM, Height, Weight, BMI, TBW, ECW, ICW, ECF_TBW, TBFR, LM, Protein, VFR, BM, MM, Obesity, TFC, VFA, VMA, HFA, Glucose, TC, LDL, HDL, Triglyceride, AST, ALT, ALP, Creatinine, GFR, CRP, HGB, VitaminD","Historia + Antropometria + Laboratorio + Bioimpedancia + HFA",11,38,"Age, Gender, Comorbidity, CAD, Hypothyroidism, Hyperlipidemia, DM, Height, Weight, BMI, TBW, ECW, ICW, ECF_TBW, TBFR, LM, Protein, VFR, BM, MM, Obesity, TFC, VFA, VMA, HFA, Glucose, TC, LDL, HDL, Triglyceride, AST, ALT, ALP, Creatinine, GFR, CRP, HGB, VitaminD","Historia + Antropometria + Laboratorio + Bioimpedancia + HFA",11,FALSE,FALSE
"pruned_top_07",71.57,81.19,61.7,66.35,72.74,84.64,69.44,7,5,7,"CRP, VitaminD, ECF_TBW, ECW, BM, TBFR, VMA","Laboratorio + Bioimpedancia",5,7,"CRP, VitaminD, ECW, TBFR, AST, ECF_TBW, HDL","Laboratorio + Bioimpedancia",5,FALSE,FALSE
"raw_top_05",71.86,78.65,64.9,67.34,72.36,84.36,69.08,5,5,5,"CRP, VitaminD, ECF_TBW, ECW, BM","Laboratorio + Bioimpedancia",5,5,"CRP, VitaminD, ECW, BM, TBFR","Laboratorio + Bioimpedancia",5,FALSE,FALSE
"pruned_top_06",70.84,79.17,62.3,66.29,71.86,84,69,6,5,6,"CRP, VitaminD, ECF_TBW, ECW, BM, TBFR","Laboratorio + Bioimpedancia",5,6,"CRP, VitaminD, ECW, TBFR, AST, ECF_TBW","Laboratorio + Bioimpedancia",5,FALSE,FALSE
"raw_top_06",70.61,78.12,62.88,66.59,71.67,83.65,69.24,6,5,6,"CRP, VitaminD, ECF_TBW, ECW, BM, TBFR","Laboratorio + Bioimpedancia",5,6,"CRP, VitaminD, ECW, BM, TBFR, AST","Laboratorio + Bioimpedancia",5,FALSE,FALSE
"pruned_top_04",71.25,79.46,62.83,65.9,71.87,83.26,68.83,4,5,4,"CRP, VitaminD, ECF_TBW, ECW","Laboratorio + Bioimpedancia",5,4,"CRP, VitaminD, ECW, TBFR","Laboratorio + Bioimpedancia",5,FALSE,FALSE
"pruned_top_05",70.81,79.22,62.18,65.97,71.75,83.22,68.88,5,5,5,"CRP, VitaminD, ECF_TBW, ECW, BM","Laboratorio + Bioimpedancia",5,5,"CRP, VitaminD, ECW, TBFR, AST","Laboratorio + Bioimpedancia",5,FALSE,FALSE
"raw_top_04",71.31,79,63.42,66.09,71.81,82.76,68.9,4,5,4,"CRP, VitaminD, ECF_TBW, ECW","Laboratorio + Bioimpedancia",5,4,"CRP, VitaminD, ECW, BM","Laboratorio + Bioimpedancia",5,FALSE,FALSE
"pruned_top_03",70.52,80.5,60.28,64.94,71.72,81.67,69.16,3,5,3,"CRP, VitaminD, ECF_TBW","Laboratorio + Bioimpedancia",5,3,"CRP, VitaminD, ECW","Laboratorio + Bioimpedancia",5,FALSE,FALSE
"raw_top_03",70.52,80.5,60.28,64.94,71.72,81.67,69.16,3,5,3,"CRP, VitaminD, ECF_TBW","Laboratorio + Bioimpedancia",5,3,"CRP, VitaminD, ECW","Laboratorio + Bioimpedancia",5,FALSE,FALSE
