"Cenario","Painel_Base","N_Features","Features","Origens","Custo_Total","Custo_Componentes","Acuracia","Sensibilidade","Especificidade","Precisao","F1","AUC","Acc_CV"
"70/30","raw_top_10",10,"CRP, VitaminD, ECW, BM, TBFR, AST, ECF_TBW, LM, HDL, HFA","Laboratorio + Bioimpedancia + HFA",9,"Laboratorio=2 + Bioimpedancia=3 + HFA=4",70.53,75,65.96,68.14,69.95,83.97,69.2
"70/30","pruned_top_11",11,"CRP, VitaminD, ECW, TBFR, AST, ECF_TBW, HDL, HFA, Hyperlipidemia, Gender, Protein","Historia + Laboratorio + Bioimpedancia + HFA",10,"Historia=1 + Laboratorio=2 + Bioimpedancia=3 + HFA=4",70.88,79.86,61.7,65.83,72.01,83.58,69.85
"70/30","pruned_top_12",12,"CRP, VitaminD, ECW, TBFR, AST, ECF_TBW, HDL, HFA, Hyperlipidemia, Gender, Protein, Comorbidity","Historia + Laboratorio + Bioimpedancia + HFA",10,"Historia=1 + Laboratorio=2 + Bioimpedancia=3 + HFA=4",69.61,78.91,60.11,64.38,70.73,83.27,69.37
"70/30","pruned_top_09",9,"CRP, VitaminD, ECW, TBFR, AST, ECF_TBW, HDL, HFA, Hyperlipidemia","Historia + Laboratorio + Bioimpedancia + HFA",10,"Historia=1 + Laboratorio=2 + Bioimpedancia=3 + HFA=4",71.58,81.48,61.47,65.56,72.48,83.22,71.04
"70/30","pruned_top_13",13,"CRP, VitaminD, ECW, TBFR, AST, ECF_TBW, HDL, HFA, Hyperlipidemia, Gender, Protein, Comorbidity, VFR","Historia + Laboratorio + Bioimpedancia + HFA",10,"Historia=1 + Laboratorio=2 + Bioimpedancia=3 + HFA=4",69.34,79.17,59.31,64.09,70.67,83.16,68.98
"70/30","pruned_top_10",10,"CRP, VitaminD, ECW, TBFR, AST, ECF_TBW, HDL, HFA, Hyperlipidemia, Gender","Historia + Laboratorio + Bioimpedancia + HFA",10,"Historia=1 + Laboratorio=2 + Bioimpedancia=3 + HFA=4",69.94,78.93,60.76,64.64,70.91,83.07,70.25
"70/30","raw_top_12",12,"CRP, VitaminD, ECW, BM, TBFR, AST, ECF_TBW, LM, HDL, HFA, Weight, TFC","Antropometria + Laboratorio + Bioimpedancia + HFA",10,"Antropometria=1 + Laboratorio=2 + Bioimpedancia=3 + HFA=4",71.23,75.23,67.14,68.46,70.45,82.96,69.59
"70/30","raw_top_11",11,"CRP, VitaminD, ECW, BM, TBFR, AST, ECF_TBW, LM, HDL, HFA, Weight","Antropometria + Laboratorio + Bioimpedancia + HFA",10,"Antropometria=1 + Laboratorio=2 + Bioimpedancia=3 + HFA=4",70.88,74.54,67.14,68.16,69.91,82.95,69.54
"70/30","raw_top_13",13,"CRP, VitaminD, ECW, BM, TBFR, AST, ECF_TBW, LM, HDL, HFA, Weight, TFC, TBW","Antropometria + Laboratorio + Bioimpedancia + HFA",10,"Antropometria=1 + Laboratorio=2 + Bioimpedancia=3 + HFA=4",71.11,75.69,66.43,68.13,70.55,82.75,69.54
"70/30","raw_top_15",15,"CRP, VitaminD, ECW, BM, TBFR, AST, ECF_TBW, LM, HDL, HFA, Weight, TFC, TBW, VFA, Hyperlipidemia","Historia + Antropometria + Laboratorio + Bioimpedancia + HFA",11,"Historia=1 + Antropometria=1 + Laboratorio=2 + Bioimpedancia=3 + HFA=4",72.05,80.55,63.36,66.98,72.97,82.64,70.78
"70/30","pruned_top_08",8,"CRP, VitaminD, ECW, TBFR, AST, ECF_TBW, HDL, HFA","Laboratorio + Bioimpedancia + HFA",9,"Laboratorio=2 + Bioimpedancia=3 + HFA=4",69.36,76.16,62.41,65.73,69.09,82.57,70.05
"70/30","raw_top_14",14,"CRP, VitaminD, ECW, BM, TBFR, AST, ECF_TBW, LM, HDL, HFA, Weight, TFC, TBW, VFA","Antropometria + Laboratorio + Bioimpedancia + HFA",10,"Antropometria=1 + Laboratorio=2 + Bioimpedancia=3 + HFA=4",70.41,74.31,66.43,67.72,69.63,82.55,70.09
"70/30","pruned_top_14",14,"CRP, VitaminD, ECW, TBFR, AST, ECF_TBW, HDL, HFA, Hyperlipidemia, Gender, Protein, Comorbidity, VFR, Age","Historia + Laboratorio + Bioimpedancia + HFA",10,"Historia=1 + Laboratorio=2 + Bioimpedancia=3 + HFA=4",66.55,68.98,64.07,67.45,62.22,82.02,67.82
"70/30","pruned_top_15",15,"CRP, VitaminD, ECW, TBFR, AST, ECF_TBW, HDL, HFA, Hyperlipidemia, Gender, Protein, Comorbidity, VFR, Age, Creatinine","Historia + Laboratorio + Bioimpedancia + HFA",10,"Historia=1 + Laboratorio=2 + Bioimpedancia=3 + HFA=4",65.61,68.98,62.18,66.32,61.87,81.72,67.92
"70/30","raw_top_08",8,"CRP, VitaminD, ECW, BM, TBFR, AST, ECF_TBW, LM","Laboratorio + Bioimpedancia",5,"Laboratorio=2 + Bioimpedancia=3",69.94,79.17,60.52,65.33,71.41,81.61,69.94
"70/30","raw_top_07",7,"CRP, VitaminD, ECW, BM, TBFR, AST, ECF_TBW","Laboratorio + Bioimpedancia",5,"Laboratorio=2 + Bioimpedancia=3",69.94,79.17,60.52,65.33,71.4,81.5,70.14
"70/30","raw_top_09",9,"CRP, VitaminD, ECW, BM, TBFR, AST, ECF_TBW, LM, HDL","Laboratorio + Bioimpedancia",5,"Laboratorio=2 + Bioimpedancia=3",70.76,79.63,61.7,65.44,71.63,80.99,70.53
"70/30","full_38",38,"Age, Gender, Comorbidity, CAD, Hypothyroidism, Hyperlipidemia, DM, Height, Weight, BMI, TBW, ECW, ICW, ECF_TBW, TBFR, LM, Protein, VFR, BM, MM, Obesity, TFC, VFA, VMA, HFA, Glucose, TC, LDL, HDL, Triglyceride, AST, ALT, ALP, Creatinine, GFR, CRP, HGB, VitaminD","Historia + Antropometria + Laboratorio + Bioimpedancia + HFA",11,"Historia=1 + Antropometria=1 + Laboratorio=2 + Bioimpedancia=3 + HFA=4",67.84,71.06,64.54,65.37,65.57,80.97,67.11
"70/30","raw_top_05",5,"CRP, VitaminD, ECW, BM, TBFR","Laboratorio + Bioimpedancia",5,"Laboratorio=2 + Bioimpedancia=3",69.12,76.39,61.7,64.91,69.98,80.27,70.09
"70/30","pruned_top_06",6,"CRP, VitaminD, ECW, TBFR, AST, ECF_TBW","Laboratorio + Bioimpedancia",5,"Laboratorio=2 + Bioimpedancia=3",68.3,79.17,57.21,63.16,70.02,80.2,69.85
"70/30","pruned_top_07",7,"CRP, VitaminD, ECW, TBFR, AST, ECF_TBW, HDL","Laboratorio + Bioimpedancia",5,"Laboratorio=2 + Bioimpedancia=3",68.89,80.79,56.74,62.96,70.56,79.77,70.29
"70/30","raw_top_06",6,"CRP, VitaminD, ECW, BM, TBFR, AST","Laboratorio + Bioimpedancia",5,"Laboratorio=2 + Bioimpedancia=3",67.84,77.08,58.39,63.76,69.64,79.5,70.33
"70/30","pruned_top_04",4,"CRP, VitaminD, ECW, TBFR","Laboratorio + Bioimpedancia",5,"Laboratorio=2 + Bioimpedancia=3",67.02,76.62,57.21,62.36,68.55,78.84,70.34
"70/30","pruned_top_05",5,"CRP, VitaminD, ECW, TBFR, AST","Laboratorio + Bioimpedancia",5,"Laboratorio=2 + Bioimpedancia=3",67.02,77.55,56.26,62.18,68.78,77.99,69.7
"70/30","raw_top_04",4,"CRP, VitaminD, ECW, BM","Laboratorio + Bioimpedancia",5,"Laboratorio=2 + Bioimpedancia=3",67.13,75.7,58.39,62.75,68.43,77.84,70.48
"70/30","pruned_top_03",3,"CRP, VitaminD, ECW","Laboratorio + Bioimpedancia",5,"Laboratorio=2 + Bioimpedancia=3",66.08,76.62,55.32,61.35,67.96,76.47,70.1
"70/30","raw_top_03",3,"CRP, VitaminD, ECW","Laboratorio + Bioimpedancia",5,"Laboratorio=2 + Bioimpedancia=3",66.08,76.62,55.32,61.35,67.96,76.47,70.1
