Variavel,Media,Mediana,Desvio_Padrao,Minimo,Q1,Q3,Maximo,Ausentes
Age,44.74614065180103,45,16.18983330469438,4,33,58,90,0
Total_Bilirubin,3.2987993138936536,1,6.20952172618015,0.4,0.8,2.6,75,0
Direct_Bilirubin,1.486106346483705,0.3,2.8084976176589644,0.1,0.2,1.3,19.7,0
Alkaline_Phosphatase,290.57632933104634,208,242.93798917934396,63,175.5,298,2110,0
Alamine_Aminotransferase,80.71355060034305,35,182.62035603420244,10,23,60.5,2000,0
Aspartate_Aminotransferase,109.91080617495712,42,288.918529051734,10,25,87,4929,0
Total_Proteins,6.4831903945111495,6.6,1.085451484023466,2.7,5.8,7.2,9.6,0
Albumin,3.141852487135506,3.1,0.7955188059640256,0.9,2.6,3.8,5.5,0
Albumin_and_Globulin_Ratio,0.9470639032815199,0.93,0.3195921076723706,0.3,0.7,1.1,2.8,4
